{"cameraMode":{"drawMode":0,"name":"Shaded","section":"Shading Mode"},"sceneLighting":true,"audioPlay":false,"sceneViewState":{"showFog":true,"showMaterialUpdate":false,"showSkybox":true,"showFlares":true,"showImageEffects":true,"showParticleSystems":true},"in2DMode":false,"pivot":{"x":-34.982765197753909,"y":18.554981231689454,"z":76.02483367919922},"rotation":{"x":0.19612905383110047,"y":0.5505685210227966,"z":-0.13485349714756013,"w":0.8002134561538696},"size":92.28494262695313,"orthographic":false}