{"cameraMode":{"drawMode":0,"name":"Shaded","section":"Shading Mode"},"sceneLighting":true,"audioPlay":false,"sceneViewState":{"showFog":true,"showMaterialUpdate":false,"showSkybox":true,"showFlares":true,"showImageEffects":true,"showParticleSystems":true},"in2DMode":false,"pivot":{"x":-102.39830017089844,"y":73.90251922607422,"z":104.67930603027344},"rotation":{"x":-0.06736940890550614,"y":-0.930881917476654,"z":0.22219040989875794,"w":-0.28218311071395876},"size":39.442909240722659,"orthographic":false}